{ "state" : {
"Alabama" : 95.9394224357,
"Alaska" : 1.2940456423,
"Arizona" : 60.1099164580,
"Arkansas" : 57.2349475563,
"California" : 251.2698486568,
"Colorado" : 52.6488982103,
"Connecticut" : 741.5098443342,
"Delaware" : 485.4184026573,
"District of Columbia" : 10993.9858125461,
"Florida" : 377.9735416283,
"Georgia" : 177.3574281480,
"Hawaii" : 222.9051845114,
"Idaho" : 20.0251922280,
"Illinois" : 231.6301487116,
"Indiana" : 184.7698287905,
"Iowa" : 55.9272950070,
"Kansas" : 35.6128439566,
"Kentucky" : 112.0695717306,
"Louisianas" : 108.1034040710,
"Maine" : 43.0983309710,
"Maryland" : 618.6124865952,
"Massachusetts" : 870.9280133623,
"Michigan" : 175.4755339251,
"Minnesota" : 68.9402885800,
"Mississippi" : 63.7701060181,
"Missouri" : 88.4942713391,
"Montana" : 7.0970172284,
"Nebraska" : 24.6823610253,
"Nevada" : 26.3327759637,
"New Hampshire" : 148.6223422663,
"New Jersey" : 1218.0309674403,
"New Mexico" : 17.1899120517,
"New York" : 420.0665451267,
"North Carolina" : 206.5686993899,
"North Dakota" : 10.9697834630,
"Ohio" : 284.2127374054,
"Oklahoma" : 57.0198411074,
"Oregon" : 41.9735864874,
"Pennsylvania" : 286.1350349737,
"Rhode Island" : 1021.6746608404,
"South Carolina" : 162.8722921385,
"South Dakota" : 11.3238159796,
"Tennessee" : 160.0624165215,
"Texas" : 105.1449291912,
"Utah" : 36.4487578071,
"Vermont" : 67.9216660843,
"Virginia" : 212.2723594284,
"Washington" : 107.8957257010,
"West Virginia" : 76.7067915829,
"Wisconsin" : 106.5641159303,
"Wyoming" : 6.0366645129,
"Puerto Rico" : 0.0000000000
}
}